timestamp_ms,query_id,throughput_tup_per_s
0,swift_arabian,1760.0
200,swift_arabian,15290.0
400,swift_arabian,15820.0
600,swift_arabian,15040.0
800,swift_arabian,14560.0
1000,swift_arabian,15255.0
1200,swift_arabian,14485.0
1400,swift_arabian,14470.0
1600,swift_arabian,14480.0
1800,swift_arabian,14475.0
2000,swift_arabian,15245.0
2200,swift_arabian,14470.0
2400,swift_arabian,14475.0
2600,swift_arabian,14490.0
2800,swift_arabian,15240.0
3000,swift_arabian,14480.0
3200,swift_arabian,14460.0
3400,swift_arabian,15235.0
3600,swift_arabian,14480.0
3800,swift_arabian,14470.0
4000,swift_arabian,14505.0
4200,swift_arabian,15235.0
4400,swift_arabian,14475.0
4600,swift_arabian,14465.0
4800,swift_arabian,14485.0
5000,swift_arabian,15245.0
5200,swift_arabian,14470.0
5400,swift_arabian,14495.0
5600,swift_arabian,15240.0
5800,swift_arabian,14495.0
6000,swift_arabian,14495.0
6200,swift_arabian,15245.0
6400,swift_arabian,14470.0
6600,swift_arabian,14485.0
6800,swift_arabian,14375.0
7000,swift_arabian,14705.0
7200,swift_arabian,13960.0
7400,swift_arabian,13965.0
7600,swift_arabian,13960.0
7800,swift_arabian,14700.0
8000,swift_arabian,13960.0
8200,swift_arabian,14715.0
8400,swift_arabian,13965.0
8600,swift_arabian,13970.0
8800,swift_arabian,14700.0
9000,swift_arabian,13965.0
9200,swift_arabian,13965.0
9400,swift_arabian,14700.0
9600,swift_arabian,13965.0
9800,swift_arabian,13970.0
10000,swift_arabian,14700.0
10200,swift_arabian,13965.0
10400,swift_arabian,14700.0
10600,swift_arabian,13965.0
10800,swift_arabian,13960.0
11000,swift_arabian,13965.0
11200,swift_arabian,14700.0
11400,swift_arabian,13960.0
11600,swift_arabian,13960.0
11800,swift_arabian,14700.0
12000,swift_arabian,13960.0
12200,swift_arabian,13970.0
12400,swift_arabian,14700.0
12600,swift_arabian,13960.0
12800,swift_arabian,13965.0
13000,swift_arabian,14700.0
13200,swift_arabian,13965.0
13400,swift_arabian,13965.0
13600,swift_arabian,14695.0
13800,swift_arabian,13965.0
14000,swift_arabian,14690.0
14200,swift_arabian,13965.0
14400,swift_arabian,13960.0
14600,swift_arabian,14705.0
14800,swift_arabian,13960.0
15000,swift_arabian,735.0
15000,valiant_shire,9130.0
15200,valiant_shire,15040.0
15400,valiant_shire,15820.0
15600,valiant_shire,14860.0
15800,valiant_shire,14485.0
16000,valiant_shire,15250.0
16200,valiant_shire,14480.0
16400,valiant_shire,14475.0
16600,valiant_shire,14475.0
16800,valiant_shire,15240.0
17000,valiant_shire,14485.0
17200,valiant_shire,15235.0
17400,valiant_shire,14480.0
17600,valiant_shire,14480.0
17800,valiant_shire,14480.0
18000,valiant_shire,15235.0
18200,valiant_shire,14460.0
18400,valiant_shire,14480.0
18600,valiant_shire,14475.0
18800,valiant_shire,15255.0
19000,valiant_shire,14480.0
19200,valiant_shire,14480.0
19400,valiant_shire,14465.0
19600,valiant_shire,15235.0
19800,valiant_shire,14490.0
20000,valiant_shire,14480.0
20200,valiant_shire,15240.0
20400,valiant_shire,14480.0
20600,valiant_shire,14500.0
20800,valiant_shire,14495.0
21000,valiant_shire,15255.0
21200,valiant_shire,14460.0
21400,valiant_shire,14475.0
21600,valiant_shire,15250.0
21800,valiant_shire,14105.0
22000,valiant_shire,13970.0
22200,valiant_shire,13960.0
22400,valiant_shire,14695.0
22600,valiant_shire,13965.0
22800,valiant_shire,13965.0
23000,valiant_shire,14705.0
23200,valiant_shire,13970.0
23400,valiant_shire,13970.0
23600,valiant_shire,14700.0
23800,valiant_shire,13965.0
24000,valiant_shire,13965.0
24200,valiant_shire,14700.0
24400,valiant_shire,13965.0
24600,valiant_shire,13965.0
24800,valiant_shire,14705.0
25000,valiant_shire,13965.0
25200,valiant_shire,13965.0
25400,valiant_shire,14700.0
25600,valiant_shire,13965.0
25800,valiant_shire,13960.0
26000,valiant_shire,14700.0
26200,valiant_shire,13960.0
26400,valiant_shire,13960.0
26600,valiant_shire,14700.0
26800,valiant_shire,13960.0
27000,valiant_shire,14705.0
27200,valiant_shire,13965.0
27400,valiant_shire,13960.0
27600,valiant_shire,14700.0
27800,valiant_shire,13965.0
28000,valiant_shire,13965.0
28200,valiant_shire,13965.0
28400,valiant_shire,14700.0
28600,valiant_shire,13960.0
28800,valiant_shire,14690.0
29000,valiant_shire,5880.0
29000,swift_andalusian,4335.0
29200,swift_andalusian,15090.0
29400,swift_andalusian,15025.0
29600,swift_andalusian,15040.0
29800,swift_andalusian,15270.0
30000,swift_andalusian,14495.0
30200,swift_andalusian,14475.0
30400,swift_andalusian,14470.0
30600,swift_andalusian,15250.0
30800,swift_andalusian,14475.0
31000,swift_andalusian,14480.0
31200,swift_andalusian,15235.0
31400,swift_andalusian,14475.0
31600,swift_andalusian,14480.0
31800,swift_andalusian,14485.0
32000,swift_andalusian,15240.0
32200,swift_andalusian,14460.0
32400,swift_andalusian,14480.0
32600,swift_andalusian,15240.0
32800,swift_andalusian,14470.0
33000,swift_andalusian,14500.0
33200,swift_andalusian,15240.0
33400,swift_andalusian,14470.0
33600,swift_andalusian,14465.0
33800,swift_andalusian,15250.0
34000,swift_andalusian,14485.0
34200,swift_andalusian,14465.0
34400,swift_andalusian,15255.0
34600,swift_andalusian,14480.0
34800,swift_andalusian,14495.0
35000,swift_andalusian,14500.0
35200,swift_andalusian,14475.0
35400,swift_andalusian,15230.0
35600,swift_andalusian,14490.0
35800,swift_andalusian,15030.0
36000,swift_andalusian,13970.0
36200,swift_andalusian,13960.0
36400,swift_andalusian,14695.0
36600,swift_andalusian,13965.0
36800,swift_andalusian,13965.0
37000,swift_andalusian,13960.0
37200,swift_andalusian,14715.0
37400,swift_andalusian,13970.0
37600,swift_andalusian,13965.0
37800,swift_andalusian,14700.0
38000,swift_andalusian,13965.0
38200,swift_andalusian,14700.0
38400,swift_andalusian,13965.0
38600,swift_andalusian,13965.0
38800,swift_andalusian,14705.0
39000,swift_andalusian,13965.0
39200,swift_andalusian,13965.0
39400,swift_andalusian,14700.0
39600,swift_andalusian,13965.0
39800,swift_andalusian,13960.0
40000,swift_andalusian,14695.0
40200,swift_andalusian,13965.0
40400,swift_andalusian,13965.0
40600,swift_andalusian,14695.0
40800,swift_andalusian,13965.0
41000,swift_andalusian,13960.0
41200,swift_andalusian,13970.0
41400,swift_andalusian,14700.0
41600,swift_andalusian,13960.0
41800,swift_andalusian,13965.0
42000,swift_andalusian,14700.0
42200,swift_andalusian,13965.0
42400,swift_andalusian,13965.0
42600,swift_andalusian,14695.0
42800,swift_andalusian,13965.0
43000,swift_andalusian,11015.0
43200,bold_belgian,13885.0
43400,bold_belgian,15825.0
43600,bold_belgian,15030.0
43800,bold_belgian,14680.0
44000,bold_belgian,15260.0
44200,bold_belgian,14480.0
44400,bold_belgian,14470.0
44600,bold_belgian,15240.0
44800,bold_belgian,14475.0
45000,bold_belgian,14485.0
45200,bold_belgian,14475.0
45400,bold_belgian,15240.0
45600,bold_belgian,14480.0
45800,bold_belgian,14485.0
46000,bold_belgian,14470.0
46200,bold_belgian,15230.0
46400,bold_belgian,14470.0
46600,bold_belgian,14475.0
46800,bold_belgian,15235.0
47000,bold_belgian,14505.0
47200,bold_belgian,14480.0
47400,bold_belgian,15235.0
47600,bold_belgian,14460.0
47800,bold_belgian,14490.0
48000,bold_belgian,14485.0
48200,bold_belgian,15235.0
48400,bold_belgian,14490.0
48600,bold_belgian,14480.0
48800,bold_belgian,15245.0
49000,bold_belgian,14500.0
49200,bold_belgian,14495.0
49400,bold_belgian,15230.0
49600,bold_belgian,14475.0
49800,bold_belgian,14460.0
50000,bold_belgian,13970.0
50200,bold_belgian,14695.0
50400,bold_belgian,13965.0
50600,bold_belgian,13960.0
50800,bold_belgian,14700.0
51000,bold_belgian,13960.0
51200,bold_belgian,14715.0
51400,bold_belgian,13965.0
51600,bold_belgian,13970.0
51800,bold_belgian,14700.0
52000,bold_belgian,13965.0
52200,bold_belgian,13965.0
52400,bold_belgian,14700.0
52600,bold_belgian,13965.0
52800,bold_belgian,13970.0
53000,bold_belgian,14700.0
53200,bold_belgian,13965.0
53400,bold_belgian,14700.0
53600,bold_belgian,13965.0
53800,bold_belgian,13960.0
54000,bold_belgian,14700.0
54200,bold_belgian,13965.0
54400,bold_belgian,13960.0
54600,bold_belgian,14695.0
54800,bold_belgian,13965.0
55000,bold_belgian,13960.0
55200,bold_belgian,14705.0
55400,bold_belgian,13965.0
55600,bold_belgian,13960.0
55800,bold_belgian,14700.0
56000,bold_belgian,13965.0
56200,bold_belgian,13965.0
56400,bold_belgian,14700.0
56600,bold_belgian,13965.0
56800,bold_belgian,14695.0
57000,bold_belgian,13955.0
57200,bold_belgian,2205.0
57200,swift_paint,8340.0
57400,swift_paint,15040.0
57600,swift_paint,15030.0
57800,swift_paint,15680.0
58000,swift_paint,14480.0
58200,swift_paint,14495.0
58400,swift_paint,15240.0
58600,swift_paint,14475.0
58800,swift_paint,14475.0
59000,swift_paint,15240.0
59200,swift_paint,14480.0
59400,swift_paint,14470.0
59600,swift_paint,14485.0
59800,swift_paint,15245.0
60000,swift_paint,14475.0
60200,swift_paint,14475.0
60400,swift_paint,15225.0
60600,swift_paint,14480.0
60800,swift_paint,14475.0
61000,swift_paint,15255.0
61200,swift_paint,14480.0
61400,swift_paint,14480.0
61600,swift_paint,15225.0
61800,swift_paint,14475.0
62000,swift_paint,14490.0
62200,swift_paint,14480.0
62400,swift_paint,15240.0
62600,swift_paint,14480.0
62800,swift_paint,14495.0
63000,swift_paint,15260.0
63200,swift_paint,14490.0
63400,swift_paint,14460.0
63600,swift_paint,14475.0
63800,swift_paint,15255.0
64000,swift_paint,14130.0
64200,swift_paint,13970.0
64400,swift_paint,14695.0
64600,swift_paint,13960.0
64800,swift_paint,13965.0
65000,swift_paint,14700.0
65200,swift_paint,13970.0
65400,swift_paint,13970.0
65600,swift_paint,14705.0
65800,swift_paint,13965.0
66000,swift_paint,13965.0
66200,swift_paint,13965.0
66400,swift_paint,14700.0
66600,swift_paint,13965.0
66800,swift_paint,14700.0
67000,swift_paint,13970.0
67200,swift_paint,13965.0
67400,swift_paint,14700.0
67600,swift_paint,13965.0
67800,swift_paint,14700.0
68000,swift_paint,13960.0
68200,swift_paint,13960.0
68400,swift_paint,14700.0
68600,swift_paint,13960.0
68800,swift_paint,14700.0
69000,swift_paint,13960.0
69200,swift_paint,13970.0
69400,swift_paint,14700.0
69600,swift_paint,13960.0
69800,swift_paint,13965.0
70000,swift_paint,14700.0
70200,swift_paint,13965.0
70400,swift_paint,13965.0
70600,swift_paint,14700.0
70800,swift_paint,13960.0
71000,swift_paint,13955.0
71200,swift_paint,6615.0
71200,swift_connemara,4335.0
71400,swift_connemara,15090.0
71600,swift_connemara,15025.0
71800,swift_connemara,15825.0
72000,swift_connemara,14485.0
72200,swift_connemara,14495.0
72400,swift_connemara,14475.0
72600,swift_connemara,15235.0
72800,swift_connemara,14485.0
73000,swift_connemara,14475.0
73200,swift_connemara,15240.0
73400,swift_connemara,14475.0
73600,swift_connemara,14475.0
73800,swift_connemara,15245.0
74000,swift_connemara,14480.0
74200,swift_connemara,14480.0
74400,swift_connemara,15220.0
74600,swift_connemara,14480.0
74800,swift_connemara,14480.0
75000,swift_connemara,14470.0
75200,swift_connemara,15265.0
75400,swift_connemara,14475.0
75600,swift_connemara,14470.0
75800,swift_connemara,15230.0
76000,swift_connemara,14485.0
76200,swift_connemara,14485.0
76400,swift_connemara,14465.0
76600,swift_connemara,15255.0
76800,swift_connemara,14480.0
77000,swift_connemara,14495.0
77200,swift_connemara,14500.0
77400,swift_connemara,15235.0
77600,swift_connemara,14470.0
77800,swift_connemara,14490.0
78000,swift_connemara,15030.0
78200,swift_connemara,13970.0
78400,swift_connemara,13960.0
78600,swift_connemara,13960.0
78800,swift_connemara,14700.0
79000,swift_connemara,13965.0
79200,swift_connemara,13960.0
79400,swift_connemara,14715.0
79600,swift_connemara,13970.0
79800,swift_connemara,13965.0
80000,swift_connemara,14700.0
80200,swift_connemara,13965.0
80400,swift_connemara,13965.0
80600,swift_connemara,14700.0
80800,swift_connemara,13965.0
81000,swift_connemara,13970.0
81200,swift_connemara,14700.0
81400,swift_connemara,13965.0
81600,swift_connemara,13965.0
81800,swift_connemara,14700.0
82000,swift_connemara,13960.0
82200,swift_connemara,13960.0
82400,swift_connemara,14700.0
82600,swift_connemara,13965.0
82800,swift_connemara,13960.0
83000,swift_connemara,14700.0
83200,swift_connemara,13960.0
83400,swift_connemara,13970.0
83600,swift_connemara,14700.0
83800,swift_connemara,13960.0
84000,swift_connemara,14700.0
84200,swift_connemara,13965.0
84400,swift_connemara,13965.0
84600,swift_connemara,14700.0
84800,swift_connemara,13960.0
85000,swift_connemara,13965.0
85200,swift_connemara,14690.0
85400,swift_connemara,13965.0
85600,swift_connemara,13965.0
85800,swift_connemara,2205.0
85800,dashing_welsh,9130.0
86000,dashing_welsh,15040.0
86200,dashing_welsh,15820.0
86400,dashing_welsh,14860.0
86600,dashing_welsh,14485.0
86800,dashing_welsh,14490.0
87000,dashing_welsh,15240.0
87200,dashing_welsh,14475.0
87400,dashing_welsh,14475.0
87600,dashing_welsh,15240.0
87800,dashing_welsh,14485.0
88000,dashing_welsh,14470.0
88200,dashing_welsh,14485.0
88400,dashing_welsh,15240.0
88600,dashing_welsh,14480.0
88800,dashing_welsh,14475.0
89000,dashing_welsh,14460.0
89200,dashing_welsh,15240.0
89400,dashing_welsh,14475.0
89600,dashing_welsh,14495.0
89800,dashing_welsh,15240.0
90000,dashing_welsh,14480.0
90200,dashing_welsh,14465.0
90400,dashing_welsh,15235.0
90600,dashing_welsh,14490.0
90800,dashing_welsh,14480.0
91000,dashing_welsh,14480.0
91200,dashing_welsh,15240.0
91400,dashing_welsh,14500.0
91600,dashing_welsh,14495.0
91800,dashing_welsh,14490.0
92000,dashing_welsh,15225.0
92200,dashing_welsh,14475.0
92400,dashing_welsh,14490.0
92600,dashing_welsh,14865.0
92800,dashing_welsh,13970.0
93000,dashing_welsh,13960.0
93200,dashing_welsh,14695.0
93400,dashing_welsh,13965.0
93600,dashing_welsh,13965.0
93800,dashing_welsh,14705.0
94000,dashing_welsh,13970.0
94200,dashing_welsh,14705.0
94400,dashing_welsh,13965.0
94600,dashing_welsh,13965.0
94800,dashing_welsh,14700.0
95000,dashing_welsh,13965.0
95200,dashing_welsh,13965.0
95400,dashing_welsh,14700.0
95600,dashing_welsh,13970.0
95800,dashing_welsh,14700.0
96000,dashing_welsh,13965.0
96200,dashing_welsh,13965.0
96400,dashing_welsh,14700.0
96600,dashing_welsh,13960.0
96800,dashing_welsh,13965.0
97000,dashing_welsh,14695.0
97200,dashing_welsh,13960.0
97400,dashing_welsh,13965.0
97600,dashing_welsh,14695.0
97800,dashing_welsh,13970.0
98000,dashing_welsh,14700.0
98200,dashing_welsh,13960.0
98400,dashing_welsh,13965.0
98600,dashing_welsh,13965.0
98800,dashing_welsh,14700.0
99000,dashing_welsh,13965.0
99200,dashing_welsh,13965.0
99400,dashing_welsh,14695.0
99600,dashing_welsh,13955.0
99800,dashing_welsh,14700.0
100000,dashing_welsh,13965.0
100200,dashing_welsh,10290.0
100400,brave_quarter,15465.0
100600,brave_quarter,15035.0
100800,brave_quarter,15035.0
101000,brave_quarter,15410.0
101200,brave_quarter,14495.0
101400,brave_quarter,14480.0
101600,brave_quarter,14475.0
101800,brave_quarter,15240.0
102000,brave_quarter,14475.0
102200,brave_quarter,14485.0
102400,brave_quarter,14470.0
102600,brave_quarter,15240.0
102800,brave_quarter,14485.0
103000,brave_quarter,14480.0
103200,brave_quarter,15240.0
103400,brave_quarter,14460.0
103600,brave_quarter,14470.0
103800,brave_quarter,15245.0
104000,brave_quarter,14470.0
104200,brave_quarter,14505.0
104400,brave_quarter,15235.0
104600,brave_quarter,14475.0
104800,brave_quarter,14465.0
105000,brave_quarter,15245.0
105200,brave_quarter,14490.0
105400,brave_quarter,14470.0
105600,brave_quarter,15255.0
105800,brave_quarter,14475.0
106000,brave_quarter,14490.0
106200,brave_quarter,15260.0
106400,brave_quarter,14490.0
106600,brave_quarter,14470.0
106800,brave_quarter,15240.0
107000,brave_quarter,14405.0
107200,brave_quarter,13970.0
107400,brave_quarter,14695.0
107600,brave_quarter,13965.0
107800,brave_quarter,13960.0
108000,brave_quarter,14700.0
108200,brave_quarter,13960.0
108400,brave_quarter,13980.0
108600,brave_quarter,14700.0
108800,brave_quarter,13970.0
109000,brave_quarter,13965.0
109200,brave_quarter,14700.0
109400,brave_quarter,13965.0
109600,brave_quarter,13965.0
109800,brave_quarter,13965.0
110000,brave_quarter,14705.0
110200,brave_quarter,13965.0
110400,brave_quarter,14700.0
110600,brave_quarter,13965.0
110800,brave_quarter,13965.0
111000,brave_quarter,14695.0
111200,brave_quarter,13965.0
111400,brave_quarter,13965.0
111600,brave_quarter,14695.0
111800,brave_quarter,13960.0
112000,brave_quarter,13965.0
112200,brave_quarter,14695.0
112400,brave_quarter,13970.0
112600,brave_quarter,13965.0
112800,brave_quarter,14695.0
113000,brave_quarter,13965.0
113200,brave_quarter,13965.0
113400,brave_quarter,14700.0
113600,brave_quarter,13965.0
113800,brave_quarter,14700.0
114000,brave_quarter,13960.0
114200,brave_quarter,13955.0
114400,brave_quarter,14700.0
114600,brave_quarter,13960.0
114800,brave_quarter,5885.0
114800,dashing_warmblood,4335.0
115000,dashing_warmblood,15090.0
115200,dashing_warmblood,15815.0
115400,dashing_warmblood,15035.0
115600,dashing_warmblood,14485.0
115800,dashing_warmblood,15255.0
116000,dashing_warmblood,14480.0
116200,dashing_warmblood,14470.0
116400,dashing_warmblood,15245.0
116600,dashing_warmblood,14475.0
116800,dashing_warmblood,14480.0
117000,dashing_warmblood,14475.0
117200,dashing_warmblood,15240.0
117400,dashing_warmblood,14480.0
117600,dashing_warmblood,14480.0
117800,dashing_warmblood,15240.0
118000,dashing_warmblood,14460.0
118200,dashing_warmblood,14480.0
118400,dashing_warmblood,14480.0
118600,dashing_warmblood,15235.0
118800,dashing_warmblood,14500.0
119000,dashing_warmblood,14475.0
119200,dashing_warmblood,15235.0
119400,dashing_warmblood,14465.0
119600,dashing_warmblood,14485.0
119800,dashing_warmblood,14485.0
120000,dashing_warmblood,15230.0
120200,dashing_warmblood,14490.0
120400,dashing_warmblood,14480.0
120600,dashing_warmblood,15260.0
120800,dashing_warmblood,14500.0
121000,dashing_warmblood,14470.0
121200,dashing_warmblood,15235.0
121400,dashing_warmblood,14490.0
121600,dashing_warmblood,14265.0
121800,dashing_warmblood,14705.0
122000,dashing_warmblood,13960.0
122200,dashing_warmblood,13960.0
122400,dashing_warmblood,14700.0
122600,dashing_warmblood,13965.0
122800,dashing_warmblood,13960.0
123000,dashing_warmblood,14715.0
123200,dashing_warmblood,13970.0
123400,dashing_warmblood,14700.0
123600,dashing_warmblood,13965.0
123800,dashing_warmblood,13965.0
124000,dashing_warmblood,13965.0
124200,dashing_warmblood,14700.0
124400,dashing_warmblood,13965.0
124600,dashing_warmblood,13970.0
